Width,Height,Count,Percent
2032,2439,444,49.44320712694877
1628,2032,13,1.447661469933185
2440,2032,12,1.3363028953229399
2848,2439,8,0.8908685968819599
2032,2438,4,0.4454342984409799
1612,2439,3,0.33407572383073497
1832,2439,3,0.33407572383073497
2440,2845,3,0.33407572383073497
1604,2439,2,0.22271714922048996
1816,2439,2,0.22271714922048996
1628,2251,2,0.22271714922048996
1628,2183,2,0.22271714922048996
2032,2553,2,0.22271714922048996
2032,2497,2,0.22271714922048996
1508,2439,2,0.22271714922048996
1692,2439,2,0.22271714922048996
2328,2928,2,0.22271714922048996
2440,1242,2,0.22271714922048996
2440,1353,2,0.22271714922048996
2440,1435,2,0.22271714922048996
2440,1578,2,0.22271714922048996
2440,1663,2,0.22271714922048996
2440,1736,2,0.22271714922048996
2456,2968,2,0.22271714922048996
2700,2473,1,0.11135857461024498
2712,1217,1,0.11135857461024498
2728,2032,1,0.11135857461024498
2752,1944,1,0.11135857461024498
1384,2394,1,0.11135857461024498
1388,2439,1,0.11135857461024498
1392,2032,1,0.11135857461024498
1392,2347,1,0.11135857461024498
1396,2199,1,0.11135857461024498
1416,2218,1,0.11135857461024498
1432,2439,1,0.11135857461024498
1440,2431,1,0.11135857461024498
1456,2379,1,0.11135857461024498
1456,2592,1,0.11135857461024498
1472,2357,1,0.11135857461024498
1476,2162,1,0.11135857461024498
1480,2173,1,0.11135857461024498
1480,2440,1,0.11135857461024498
1484,2195,1,0.11135857461024498
1488,2315,1,0.11135857461024498
1488,2439,1,0.11135857461024498
1496,2250,1,0.11135857461024498
1504,2296,1,0.11135857461024498
1516,2439,1,0.11135857461024498
1528,2077,1,0.11135857461024498
1540,2352,1,0.11135857461024498
1540,2464,1,0.11135857461024498
1548,2507,1,0.11135857461024498
1564,2439,1,0.11135857461024498
1580,2576,1,0.11135857461024498
1588,2228,1,0.11135857461024498
1588,2438,1,0.11135857461024498
1592,2353,1,0.11135857461024498
1600,2333,1,0.11135857461024498
1604,2143,1,0.11135857461024498
1604,2450,1,0.11135857461024498
2612,1336,1,0.11135857461024498
1616,2361,1,0.11135857461024498
1628,2083,1,0.11135857461024498
1628,2088,1,0.11135857461024498
1628,2108,1,0.11135857461024498
1628,2138,1,0.11135857461024498
1628,2150,1,0.11135857461024498
1628,2159,1,0.11135857461024498
1628,2166,1,0.11135857461024498
1628,2170,1,0.11135857461024498
1628,2187,1,0.11135857461024498
1628,2190,1,0.11135857461024498
1628,2204,1,0.11135857461024498
1628,2209,1,0.11135857461024498
1628,2224,1,0.11135857461024498
1628,2234,1,0.11135857461024498
1628,2247,1,0.11135857461024498
1628,2280,1,0.11135857461024498
1628,2290,1,0.11135857461024498
1628,2300,1,0.11135857461024498
1628,2303,1,0.11135857461024498
1628,2311,1,0.11135857461024498
1628,2318,1,0.11135857461024498
1628,2404,1,0.11135857461024498
1628,2466,1,0.11135857461024498
1628,2517,1,0.11135857461024498
1628,2530,1,0.11135857461024498
1632,2171,1,0.11135857461024498
1632,2487,1,0.11135857461024498
1640,2439,1,0.11135857461024498
1640,2488,1,0.11135857461024498
1640,2503,1,0.11135857461024498
1644,2439,1,0.11135857461024498
1648,2439,1,0.11135857461024498
1652,2439,1,0.11135857461024498
1660,2218,1,0.11135857461024498
1664,2273,1,0.11135857461024498
1672,2439,1,0.11135857461024498
1676,2316,1,0.11135857461024498
1684,2444,1,0.11135857461024498
1684,2454,1,0.11135857461024498
1684,2649,1,0.11135857461024498
1688,2268,1,0.11135857461024498
1700,2543,1,0.11135857461024498
1708,2408,1,0.11135857461024498
1708,2439,1,0.11135857461024498
1712,2495,1,0.11135857461024498
1716,2439,1,0.11135857461024498
1720,2574,1,0.11135857461024498
1736,2439,1,0.11135857461024498
1740,2439,1,0.11135857461024498
1744,2472,1,0.11135857461024498
1756,2143,1,0.11135857461024498
1756,2439,1,0.11135857461024498
1760,2439,1,0.11135857461024498
1772,2438,1,0.11135857461024498
1776,2455,1,0.11135857461024498
1780,2439,1,0.11135857461024498
1780,2589,1,0.11135857461024498
1784,2600,1,0.11135857461024498
1792,2331,1,0.11135857461024498
1792,2409,1,0.11135857461024498
1796,2439,1,0.11135857461024498
1800,2338,1,0.11135857461024498
1800,2488,1,0.11135857461024498
1808,2430,1,0.11135857461024498
1808,2439,1,0.11135857461024498
1828,2439,1,0.11135857461024498
1844,2282,1,0.11135857461024498
1844,2552,1,0.11135857461024498
1848,1523,1,0.11135857461024498
1864,2439,1,0.11135857461024498
1892,2439,1,0.11135857461024498
1896,2690,1,0.11135857461024498
1904,1121,1,0.11135857461024498
1908,2439,1,0.11135857461024498
1912,2439,1,0.11135857461024498
1928,2623,1,0.11135857461024498
1932,2439,1,0.11135857461024498
1936,2439,1,0.11135857461024498
1956,1096,1,0.11135857461024498
1964,2604,1,0.11135857461024498
1976,1256,1,0.11135857461024498
1980,2439,1,0.11135857461024498
1988,2489,1,0.11135857461024498
2004,1352,1,0.11135857461024498
2004,2499,1,0.11135857461024498
2004,2568,1,0.11135857461024498
2008,2529,1,0.11135857461024498
2012,1199,1,0.11135857461024498
2012,2735,1,0.11135857461024498
2024,1318,1,0.11135857461024498
2032,1058,1,0.11135857461024498
2032,1125,1,0.11135857461024498
2032,1241,1,0.11135857461024498
2032,1301,1,0.11135857461024498
2032,2511,1,0.11135857461024498
2032,2582,1,0.11135857461024498
2032,2591,1,0.11135857461024498
2032,2603,1,0.11135857461024498
2044,1146,1,0.11135857461024498
2048,2674,1,0.11135857461024498
2048,2852,1,0.11135857461024498
2052,2944,1,0.11135857461024498
2056,2640,1,0.11135857461024498
2064,2664,1,0.11135857461024498
2068,2658,1,0.11135857461024498
2076,2465,1,0.11135857461024498
2084,2493,1,0.11135857461024498
2084,2546,1,0.11135857461024498
2092,2621,1,0.11135857461024498
2096,1181,1,0.11135857461024498
2096,2625,1,0.11135857461024498
2100,1206,1,0.11135857461024498
2100,2546,1,0.11135857461024498
2104,1291,1,0.11135857461024498
2104,2510,1,0.11135857461024498
2104,2536,1,0.11135857461024498
2112,1139,1,0.11135857461024498
2112,2547,1,0.11135857461024498
2112,2932,1,0.11135857461024498
2116,1142,1,0.11135857461024498
2116,2624,1,0.11135857461024498
2120,2625,1,0.11135857461024498
2120,2715,1,0.11135857461024498
2128,1228,1,0.11135857461024498
2128,1292,1,0.11135857461024498
2136,1212,1,0.11135857461024498
2136,1270,1,0.11135857461024498
2136,2610,1,0.11135857461024498
2140,1289,1,0.11135857461024498
2140,1612,1,0.11135857461024498
2144,1124,1,0.11135857461024498
2148,2599,1,0.11135857461024498
2152,1178,1,0.11135857461024498
2152,1185,1,0.11135857461024498
2152,2568,1,0.11135857461024498
2152,2690,1,0.11135857461024498
2156,2457,1,0.11135857461024498
2160,2740,1,0.11135857461024498
2168,1745,1,0.11135857461024498
2168,2667,1,0.11135857461024498
2172,1259,1,0.11135857461024498
2172,2521,1,0.11135857461024498
2176,1108,1,0.11135857461024498
2176,1632,1,0.11135857461024498
2176,2724,1,0.11135857461024498
2180,2702,1,0.11135857461024498
2184,1292,1,0.11135857461024498
2188,1228,1,0.11135857461024498
2188,2578,1,0.11135857461024498
2188,2699,1,0.11135857461024498
2188,2724,1,0.11135857461024498
2192,1280,1,0.11135857461024498
2192,1320,1,0.11135857461024498
2200,1292,1,0.11135857461024498
2200,1824,1,0.11135857461024498
2204,1309,1,0.11135857461024498
2204,2604,1,0.11135857461024498
2204,2717,1,0.11135857461024498
2212,2592,1,0.11135857461024498
2212,2786,1,0.11135857461024498
2216,1299,1,0.11135857461024498
2224,1921,1,0.11135857461024498
2224,2657,1,0.11135857461024498
2224,2671,1,0.11135857461024498
2224,2720,1,0.11135857461024498
2228,1035,1,0.11135857461024498
2232,1146,1,0.11135857461024498
2232,1152,1,0.11135857461024498
2236,2689,1,0.11135857461024498
2236,2738,1,0.11135857461024498
2244,1289,1,0.11135857461024498
2244,1312,1,0.11135857461024498
2252,1184,1,0.11135857461024498
2256,2689,1,0.11135857461024498
2256,3042,1,0.11135857461024498
2260,1439,1,0.11135857461024498
2260,2233,1,0.11135857461024498
2260,2619,1,0.11135857461024498
2264,1821,1,0.11135857461024498
2268,1215,1,0.11135857461024498
2272,1441,1,0.11135857461024498
2276,2800,1,0.11135857461024498
2280,1576,1,0.11135857461024498
2280,2444,1,0.11135857461024498
2284,1850,1,0.11135857461024498
2288,1508,1,0.11135857461024498
2292,1169,1,0.11135857461024498
2308,1210,1,0.11135857461024498
2312,1184,1,0.11135857461024498
2312,1220,1,0.11135857461024498
2312,1331,1,0.11135857461024498
2312,1753,1,0.11135857461024498
2316,1341,1,0.11135857461024498
2316,1520,1,0.11135857461024498
2316,1871,1,0.11135857461024498
2316,2960,1,0.11135857461024498
2320,1449,1,0.11135857461024498
2324,1405,1,0.11135857461024498
2636,2451,1,0.11135857461024498
2332,918,1,0.11135857461024498
2336,2516,1,0.11135857461024498
2340,1267,1,0.11135857461024498
2344,1248,1,0.11135857461024498
2352,2197,1,0.11135857461024498
2352,2762,1,0.11135857461024498
2364,1195,1,0.11135857461024498
2368,1526,1,0.11135857461024498
2372,1338,1,0.11135857461024498
2372,1707,1,0.11135857461024498
2376,1451,1,0.11135857461024498
2388,1283,1,0.11135857461024498
2400,1046,1,0.11135857461024498
2400,1700,1,0.11135857461024498
2404,1394,1,0.11135857461024498
2408,2850,1,0.11135857461024498
2412,1363,1,0.11135857461024498
2420,1387,1,0.11135857461024498
2420,1544,1,0.11135857461024498
2432,1320,1,0.11135857461024498
2432,1733,1,0.11135857461024498
2436,1249,1,0.11135857461024498
2436,1426,1,0.11135857461024498
2436,1535,1,0.11135857461024498
2440,1111,1,0.11135857461024498
2440,1114,1,0.11135857461024498
2636,2496,1,0.11135857461024498
2440,1295,1,0.11135857461024498
2440,1301,1,0.11135857461024498
2440,1324,1,0.11135857461024498
2440,1327,1,0.11135857461024498
2440,1344,1,0.11135857461024498
2640,1751,1,0.11135857461024498
2440,1365,1,0.11135857461024498
2440,1371,1,0.11135857461024498
2440,1377,1,0.11135857461024498
2440,1385,1,0.11135857461024498
2440,1397,1,0.11135857461024498
2440,1400,1,0.11135857461024498
2440,1406,1,0.11135857461024498
2440,1409,1,0.11135857461024498
2440,1420,1,0.11135857461024498
2440,1421,1,0.11135857461024498
2440,1426,1,0.11135857461024498
2660,2192,1,0.11135857461024498
2440,1438,1,0.11135857461024498
2440,1462,1,0.11135857461024498
2440,1467,1,0.11135857461024498
2440,1473,1,0.11135857461024498
2440,1485,1,0.11135857461024498
2440,1524,1,0.11135857461024498
2440,1526,1,0.11135857461024498
2440,1540,1,0.11135857461024498
2440,1570,1,0.11135857461024498
2676,1256,1,0.11135857461024498
2440,1594,1,0.11135857461024498
2440,1643,1,0.11135857461024498
2680,1701,1,0.11135857461024498
2440,1686,1,0.11135857461024498
2680,1703,1,0.11135857461024498
2440,1771,1,0.11135857461024498
2440,1780,1,0.11135857461024498
2440,1839,1,0.11135857461024498
2440,1862,1,0.11135857461024498
2440,1882,1,0.11135857461024498
2440,1891,1,0.11135857461024498
2440,1935,1,0.11135857461024498
2440,1939,1,0.11135857461024498
2680,2032,1,0.11135857461024498
2440,2518,1,0.11135857461024498
2440,2540,1,0.11135857461024498
2440,2590,1,0.11135857461024498
2700,1498,1,0.11135857461024498
2444,1532,1,0.11135857461024498
2452,2532,1,0.11135857461024498
2700,1748,1,0.11135857461024498
2456,3176,1,0.11135857461024498
2472,1465,1,0.11135857461024498
2472,1686,1,0.11135857461024498
2472,2234,1,0.11135857461024498
2488,1263,1,0.11135857461024498
2496,1650,1,0.11135857461024498
2504,1617,1,0.11135857461024498
2508,2373,1,0.11135857461024498
2512,1594,1,0.11135857461024498
2512,2419,1,0.11135857461024498
2516,1782,1,0.11135857461024498
2520,1461,1,0.11135857461024498
2520,1619,1,0.11135857461024498
2520,1847,1,0.11135857461024498
2524,1501,1,0.11135857461024498
2532,2683,1,0.11135857461024498
2536,1399,1,0.11135857461024498
2544,1461,1,0.11135857461024498
2548,1055,1,0.11135857461024498
2560,1217,1,0.11135857461024498
2560,1260,1,0.11135857461024498
2560,1774,1,0.11135857461024498
2564,1454,1,0.11135857461024498
2580,1356,1,0.11135857461024498
2592,1270,1,0.11135857461024498
2596,1746,1,0.11135857461024498
2596,2032,1,0.11135857461024498
2600,2110,1,0.11135857461024498
2608,1532,1,0.11135857461024498
2608,1643,1,0.11135857461024498
2608,2324,1,0.11135857461024498
2764,2032,1,0.11135857461024498
2788,1558,1,0.11135857461024498
2792,1546,1,0.11135857461024498
2800,2439,1,0.11135857461024498
2800,2444,1,0.11135857461024498
2800,2576,1,0.11135857461024498
2700,1845,1,0.11135857461024498
2848,2570,1,0.11135857461024498
2856,1657,1,0.11135857461024498
2880,1701,1,0.11135857461024498
2884,2707,1,0.11135857461024498
2924,2409,1,0.11135857461024498
2952,2439,1,0.11135857461024498
2976,2368,1,0.11135857461024498
3244,2470,1,0.11135857461024498
3308,2731,1,0.11135857461024498
1148,2032,1,0.11135857461024498
1180,2400,1,0.11135857461024498
1184,2439,1,0.11135857461024498
1268,2439,1,0.11135857461024498
1276,2032,1,0.11135857461024498
1276,2247,1,0.11135857461024498
1284,818,1,0.11135857461024498
1296,2175,1,0.11135857461024498
1308,2260,1,0.11135857461024498
1320,2374,1,0.11135857461024498
1344,2032,1,0.11135857461024498
1344,2170,1,0.11135857461024498
1364,2292,1,0.11135857461024498
1364,2433,1,0.11135857461024498
1368,2434,1,0.11135857461024498
1372,804,1,0.11135857461024498
